# name: test_union_all_projection_pushdown.test
# description: Test projection pushdown in UNION ALL
# feature: E071-01

statement ok
CREATE TABLE a(i INTEGER, j INTEGER, k INTEGER, l INTEGER);

statement ok
CREATE TABLE b(i INTEGER, j INTEGER, k INTEGER, l INTEGER);

statement ok
INSERT INTO a SELECT x AS i, x+1 AS j, x+2 AS k, x+3 AS l FROM table(system_range(42, 42));

statement ok
INSERT INTO b SELECT x AS i, x+1 AS j, x+2 AS k, x+3 AS l FROM table(system_range(40, 40));

query I
select COUNT(*) from (SELECT * FROM a UNION ALL SELECT * FROM b) t1 join (select 43) t2(l) on t1.l=t2.l
----
1

query I
select COUNT(*) from (SELECT * FROM a UNION ALL SELECT * FROM b) t1
----
2

query I
select COUNT(*) from (SELECT i, j, MIN(k), MIN(l) FROM a GROUP BY i, j UNION ALL SELECT * FROM b) t1
----
2

query I
select COUNT(*) from (SELECT DISTINCT i, j, k, l FROM a UNION ALL SELECT * FROM b) t1
----
2

query I
select COUNT(*) from (SELECT DISTINCT * FROM (SELECT DISTINCT i, j, k, l FROM a UNION ALL SELECT * FROM b) t1) t2
----
2

# multiple unions
query I
select COUNT(*) from (SELECT * FROM a UNION ALL SELECT * FROM b UNION ALL SELECT a.i,a.j,a.k,a.l FROM a,b) t1
----
3

# union
query I
select COUNT(*) from (SELECT * FROM a UNION SELECT * FROM b UNION DISTINCT SELECT a.i,a.j,a.k,a.l FROM a,b) t1
----
2


# empty result
query I
select COUNT(*) from (SELECT * FROM a WHERE 1=0 UNION ALL SELECT * FROM b) t1
----
1

query I
select j from (SELECT * FROM a WHERE i=42 UNION ALL SELECT * FROM b) t1 WHERE i=40
----
41

query I
select j from (SELECT i, COUNT(*) j, COUNT(*) k, COUNT(*) l FROM a WHERE i=42 GROUP BY i UNION ALL SELECT * FROM b) t1 WHERE i=40
----
41

query I
select j from (SELECT i i, i j, k, l FROM a UNION ALL SELECT * FROM b) t1 WHERE i=40 AND j=41
----
41

# IGNITE-21978 Unexpected result from UNION with literals expression
skipif ignite3
query I
SELECT * from (SELECT 'hello' i union all SELECT 'h' i) t1 where i='h'
----
h

query I
SELECT COUNT(*) from (SELECT * FROM a UNION ALL SELECT * FROM b) t1 join (SELECT 43) t2(l) on t1.l=t2.l
----
1

query I
SELECT MIN(t2.b) from (SELECT * FROM a UNION ALL SELECT * FROM b) t1 join (SELECT 43, 'hello', 44, 'world') t2(l, a, b, c) on t1.l=t2.l
----
44

query I
select * from (select 42) sq1 union all select * from (select 43) sq2;
----
42
43
