# Ignore https://issues.apache.org/jira/browse/IGNITE-17612

statement ok
CREATE TABLE t1(a INTEGER, b INTEGER, c INTEGER, d INTEGER, e INTEGER)

statement ok
INSERT INTO t1(e,c,b,d,a) VALUES(103,102,100,101,104)

statement ok
INSERT INTO t1(a,c,d,e,b) VALUES(107,106,108,109,105)

statement ok
INSERT INTO t1(e,d,b,a,c) VALUES(110,114,112,111,113)

statement ok
INSERT INTO t1(d,c,e,a,b) VALUES(116,119,117,115,118)

statement ok
INSERT INTO t1(c,d,b,e,a) VALUES(123,122,124,120,121)

statement ok
INSERT INTO t1(a,d,b,e,c) VALUES(127,128,129,126,125)

statement ok
INSERT INTO t1(e,c,a,d,b) VALUES(132,134,131,133,130)

statement ok
INSERT INTO t1(a,d,b,e,c) VALUES(138,136,139,135,137)

statement ok
INSERT INTO t1(e,c,d,a,b) VALUES(144,141,140,142,143)

statement ok
INSERT INTO t1(b,a,e,d,c) VALUES(145,149,146,148,147)

statement ok
INSERT INTO t1(b,c,a,d,e) VALUES(151,150,153,154,152)

statement ok
INSERT INTO t1(c,e,a,d,b) VALUES(155,157,159,156,158)

statement ok
INSERT INTO t1(c,b,a,d,e) VALUES(161,160,163,164,162)

statement ok
INSERT INTO t1(b,d,a,e,c) VALUES(167,169,168,165,166)

statement ok
INSERT INTO t1(d,b,c,e,a) VALUES(171,170,172,173,174)

statement ok
INSERT INTO t1(e,c,a,d,b) VALUES(177,176,179,178,175)

statement ok
INSERT INTO t1(b,e,a,d,c) VALUES(181,180,182,183,184)

statement ok
INSERT INTO t1(c,a,b,e,d) VALUES(187,188,186,189,185)

statement ok
INSERT INTO t1(d,b,c,e,a) VALUES(190,194,193,192,191)

statement ok
INSERT INTO t1(a,e,b,d,c) VALUES(199,197,198,196,195)

statement ok
INSERT INTO t1(b,c,d,a,e) VALUES(200,202,203,201,204)

statement ok
INSERT INTO t1(c,e,a,b,d) VALUES(208,209,205,206,207)

statement ok
INSERT INTO t1(c,e,a,d,b) VALUES(214,210,213,212,211)

statement ok
INSERT INTO t1(b,c,a,d,e) VALUES(218,215,216,217,219)

statement ok
INSERT INTO t1(b,e,d,a,c) VALUES(223,221,222,220,224)

statement ok
INSERT INTO t1(d,e,b,a,c) VALUES(226,227,228,229,225)

statement ok
INSERT INTO t1(a,c,b,e,d) VALUES(234,231,232,230,233)

statement ok
INSERT INTO t1(e,b,a,c,d) VALUES(237,236,239,235,238)

statement ok
INSERT INTO t1(e,c,b,a,d) VALUES(242,244,240,243,241)

statement ok
INSERT INTO t1(e,d,c,b,a) VALUES(246,248,247,249,245)

query IIIIIII nosort
SELECT (SELECT count(*) FROM t1 AS x WHERE x.c>t1.c AND x.d<t1.d),
       d,
       b-c,
       (a+b+c+d+e)/5,
       CASE WHEN a<b-3 THEN 111 WHEN a<=b THEN 222
        WHEN a<b+3 THEN 333 ELSE 444 END,
       CASE a+1 WHEN b THEN 111 WHEN c THEN 222
        WHEN d THEN 333  WHEN e THEN 444 ELSE 555 END,
       a-b
  FROM t1
 WHERE c BETWEEN b-2 AND d+2
    OR (e>c OR e<d)
    OR EXISTS(SELECT 1 FROM t1 AS x WHERE x.b<t1.b)
 ORDER BY 7,2,4,1,5,6,3
----
210 values hashing to 4abfb880f67a314446d0402a24ae5282

query III nosort
SELECT (SELECT count(*) FROM t1 AS x WHERE x.c>t1.c AND x.d<t1.d),
       a+b*2+c*3+d*4,
       (SELECT count(*) FROM t1 AS x WHERE x.b<t1.b)
  FROM t1
 ORDER BY 1,3,2
----
90 values hashing to 87301227ae0731f419456d467d0e095f

query IIII nosort
SELECT (a+b+c+d+e)/5,
       a+b*2+c*3+d*4,
       (SELECT count(*) FROM t1 AS x WHERE x.c>t1.c AND x.d<t1.d),
       abs(a)
  FROM t1
 WHERE (e>a AND e<b)
   AND d NOT BETWEEN 110 AND 150
 ORDER BY 4,3,1,2
----
12 values hashing to c334c687262c72da162e191703935928

query IIII nosort
SELECT (SELECT count(*) FROM t1 AS x WHERE x.c>t1.c AND x.d<t1.d),
       d,
       CASE a+1 WHEN b THEN 111 WHEN c THEN 222
        WHEN d THEN 333  WHEN e THEN 444 ELSE 555 END,
       e
  FROM t1
 WHERE e+d BETWEEN a+b-10 AND c+130
 ORDER BY 4,3,2,1
----
24 values hashing to 746dff67b6166bb25993d89eaa93e7a3

query IIIIIII nosort
SELECT (SELECT count(*) FROM t1 AS x WHERE x.c>t1.c AND x.d<t1.d),
       (a+b+c+d+e)/5,
       c-d,
       CASE WHEN c>(SELECT avg(c) FROM t1) THEN a*2 ELSE b*10 END,
       d,
       a+b*2+c*3+d*4,
       abs(a)
  FROM t1
 WHERE (c<=d-2 OR c>=d+2)
 ORDER BY 2,5,1,3,7,6,4
----
105 values hashing to b3e0305b909d1f2abf1dc3c1745ac029

query III nosort
SELECT CASE a+1 WHEN b THEN 111 WHEN c THEN 222
        WHEN d THEN 333  WHEN e THEN 444 ELSE 555 END,
       a-b,
       (SELECT count(*) FROM t1 AS x WHERE x.c>t1.c AND x.d<t1.d)
  FROM t1
 ORDER BY 1,2,3
----
90 values hashing to 28225a47a6332aa64342b0faecc4ffde

query III nosort
SELECT (SELECT count(*) FROM t1 AS x WHERE x.c>t1.c AND x.d<t1.d),
       c,
       a+b*2+c*3
  FROM t1
 WHERE d NOT BETWEEN 110 AND 150
   AND EXISTS(SELECT 1 FROM t1 AS x WHERE x.b<t1.b)
 ORDER BY 2,1,3
----
63 values hashing to 77cf402238c411fd045a6a991c7dec12

query IIIII nosort
SELECT CASE a+1 WHEN b THEN 111 WHEN c THEN 222
        WHEN d THEN 333  WHEN e THEN 444 ELSE 555 END,
       d-e,
       (SELECT count(*) FROM t1 AS x WHERE x.c>t1.c AND x.d<t1.d),
       a+b*2+c*3,
       a+b*2+c*3+d*4+e*5
  FROM t1
 WHERE (c<=d-2 OR c>=d+2)
   AND a>b
   AND (e>c OR e<d)
 ORDER BY 2,5,3,4,1
----
45 values hashing to 75ef6cb7d694759a04fb38d0d80ea6fb

query I nosort
SELECT (SELECT count(*) FROM t1 AS x WHERE x.c>t1.c AND x.d<t1.d)
  FROM t1
 WHERE c BETWEEN b-2 AND d+2
    OR (e>c OR e<d)
    OR a>b
 ORDER BY 1
----
28 values hashing to a76dc8384405fa57100e5dffbbd99b99

query IIIII nosort
SELECT c-d,
       CASE a+1 WHEN b THEN 111 WHEN c THEN 222
        WHEN d THEN 333  WHEN e THEN 444 ELSE 555 END,
       c,
       (SELECT count(*) FROM t1 AS x WHERE x.c>t1.c AND x.d<t1.d),
       a+b*2+c*3+d*4+e*5
  FROM t1
 WHERE (a>b-2 AND a<b+2)
 ORDER BY 2,3,1,5,4
----
55 values hashing to 625bcace071d982d6c04cc1ddfe8378c

query IIIIIII nosort
SELECT d-e,
       CASE WHEN c>(SELECT avg(c) FROM t1) THEN a*2 ELSE b*10 END,
       CASE WHEN a<b-3 THEN 111 WHEN a<=b THEN 222
        WHEN a<b+3 THEN 333 ELSE 444 END,
       c-d,
       (SELECT count(*) FROM t1 AS x WHERE x.c>t1.c AND x.d<t1.d),
       a+b*2+c*3+d*4,
       a+b*2
  FROM t1
 ORDER BY 6,2,5,1,4,7,3
----
210 values hashing to b7fc5840ce267465864efec4638ec6ad

query IIIIIII nosort
SELECT (SELECT count(*) FROM t1 AS x WHERE x.c>t1.c AND x.d<t1.d),
       d-e,
       a+b*2+c*3+d*4+e*5,
       a+b*2+c*3,
       a+b*2,
       abs(b-c),
       d
  FROM t1
 WHERE d>e
 ORDER BY 3,4,2,6,5,7,1
----
112 values hashing to 3a34b6923ab936224547f54261b88bd9

query IIIII nosort
SELECT (SELECT count(*) FROM t1 AS x WHERE x.c>t1.c AND x.d<t1.d),
       a+b*2,
       c,
       a+b*2+c*3+d*4+e*5,
       d-e
  FROM t1
 WHERE (c<=d-2 OR c>=d+2)
    OR c>d
    OR b>c
 ORDER BY 4,2,3,5,1
----
135 values hashing to 4305481e9a7ca71ef955b400497b8a93

query IIII nosort
SELECT a,
       (SELECT count(*) FROM t1 AS x WHERE x.c>t1.c AND x.d<t1.d),
       c-d,
       b
  FROM t1
 ORDER BY 4,3,2,1
----
120 values hashing to 343df600fb44be4495c01502f42dbc1c

query IIII nosort
SELECT b,
       e,
       (SELECT count(*) FROM t1 AS x WHERE x.b<t1.b),
       (SELECT count(*) FROM t1 AS x WHERE x.c>t1.c AND x.d<t1.d)
  FROM t1
 ORDER BY 2,3,1,4
----
120 values hashing to 1e0e23f922af975b4024bd2bfd71ca2e

query IIII nosort
SELECT (SELECT count(*) FROM t1 AS x WHERE x.c>t1.c AND x.d<t1.d),
       a+b*2+c*3+d*4+e*5,
       a+b*2,
       CASE a+1 WHEN b THEN 111 WHEN c THEN 222
        WHEN d THEN 333  WHEN e THEN 444 ELSE 555 END
  FROM t1
 WHERE d NOT BETWEEN 110 AND 150
   AND a>b
 ORDER BY 3,4,2,1
----
68 values hashing to efb249f37bdc0e2144ea0f8a265caab5

query IIII nosort
SELECT a+b*2+c*3,
       (SELECT count(*) FROM t1 AS x WHERE x.b<t1.b),
       b,
       (SELECT count(*) FROM t1 AS x WHERE x.c>t1.c AND x.d<t1.d)
  FROM t1
 WHERE (c<=d-2 OR c>=d+2)
 ORDER BY 3,4,1,2
----
60 values hashing to d5adb2536f4ed1202bbffe836134c8b8

query IIII nosort
SELECT (SELECT count(*) FROM t1 AS x WHERE x.c>t1.c AND x.d<t1.d),
       CASE WHEN a<b-3 THEN 111 WHEN a<=b THEN 222
        WHEN a<b+3 THEN 333 ELSE 444 END,
       c-d,
       a+b*2+c*3+d*4
  FROM t1
 WHERE a>b
 ORDER BY 2,4,1,3
----
76 values hashing to c842520d07c8a4805c0e9c46781e4e44

query IIIIII nosort
SELECT (a+b+c+d+e)/5,
       c-d,
       (SELECT count(*) FROM t1 AS x WHERE x.c>t1.c AND x.d<t1.d),
       a-b,
       CASE a+1 WHEN b THEN 111 WHEN c THEN 222
        WHEN d THEN 333  WHEN e THEN 444 ELSE 555 END,
       (SELECT count(*) FROM t1 AS x WHERE x.b<t1.b)
  FROM t1
 WHERE d>e
 ORDER BY 1,6,2,5,4,3
----
96 values hashing to 521dca6d96de8a96e1ee4b3bfd22ca84

query IIII nosort
SELECT CASE WHEN c>(SELECT avg(c) FROM t1) THEN a*2 ELSE b*10 END,
       (SELECT count(*) FROM t1 AS x WHERE x.b<t1.b),
       a+b*2+c*3+d*4,
       (SELECT count(*) FROM t1 AS x WHERE x.c>t1.c AND x.d<t1.d)
  FROM t1
 WHERE EXISTS(SELECT 1 FROM t1 AS x WHERE x.b<t1.b)
    OR (c<=d-2 OR c>=d+2)
 ORDER BY 2,4,3,1
----
116 values hashing to 7475b1713d2bb04b2f15460ec5487648

query II nosort
SELECT CASE WHEN c>(SELECT avg(c) FROM t1) THEN a*2 ELSE b*10 END,
       (SELECT count(*) FROM t1 AS x WHERE x.c>t1.c AND x.d<t1.d)
  FROM t1
 WHERE c>d
 ORDER BY 2,1
----
28 values hashing to 7bb527bc1d2528e5b09d04fcd8e6a1fb

query IIIIIII nosort
SELECT CASE WHEN c>(SELECT avg(c) FROM t1) THEN a*2 ELSE b*10 END,
       a+b*2,
       CASE WHEN a<b-3 THEN 111 WHEN a<=b THEN 222
        WHEN a<b+3 THEN 333 ELSE 444 END,
       (SELECT count(*) FROM t1 AS x WHERE x.b<t1.b),
       a-b,
       (SELECT count(*) FROM t1 AS x WHERE x.c>t1.c AND x.d<t1.d),
       b
  FROM t1
 WHERE c BETWEEN b-2 AND d+2
 ORDER BY 6,1,2,3,7,4,5
----
154 values hashing to c4f2247a413e6c36412edaf2b966c320

query IIIIII nosort
SELECT a+b*2+c*3+d*4+e*5,
       CASE WHEN a<b-3 THEN 111 WHEN a<=b THEN 222
        WHEN a<b+3 THEN 333 ELSE 444 END,
       a+b*2+c*3,
       CASE a+1 WHEN b THEN 111 WHEN c THEN 222
        WHEN d THEN 333  WHEN e THEN 444 ELSE 555 END,
       c-d,
       (SELECT count(*) FROM t1 AS x WHERE x.c>t1.c AND x.d<t1.d)
  FROM t1
 ORDER BY 3,5,1,4,2,6
----
180 values hashing to fda423ac986fe8647b30d631dafb83fa

query IIIIIII nosort
SELECT b,
       a-b,
       e,
       d,
       abs(a),
       (SELECT count(*) FROM t1 AS x WHERE x.b<t1.b),
       (SELECT count(*) FROM t1 AS x WHERE x.c>t1.c AND x.d<t1.d)
  FROM t1
 WHERE c BETWEEN b-2 AND d+2
   AND d>e
 ORDER BY 2,1,5,3,6,4,7
----
105 values hashing to ad1f447f56a3bc9d467abea530124a7c

query IIIII nosort
SELECT b,
       a-b,
       a+b*2+c*3+d*4+e*5,
       (SELECT count(*) FROM t1 AS x WHERE x.c>t1.c AND x.d<t1.d),
       d
  FROM t1
 WHERE d NOT BETWEEN 110 AND 150
   AND c>d
 ORDER BY 1,2,3,5,4
----
45 values hashing to 170723580d1cb9c1114c2269200ebca6

query IIIIIII nosort
SELECT CASE WHEN c>(SELECT avg(c) FROM t1) THEN a*2 ELSE b*10 END,
       (SELECT count(*) FROM t1 AS x WHERE x.b<t1.b),
       b,
       a+b*2+c*3,
       a-b,
       (SELECT count(*) FROM t1 AS x WHERE x.c>t1.c AND x.d<t1.d),
       a+b*2+c*3+d*4
  FROM t1
 ORDER BY 4,3,5,2,7,1,6
----
210 values hashing to 7a0a8f77c3a0e99e5adda38c1771c18e

query IIIIII nosort
SELECT a+b*2+c*3,
       CASE a+1 WHEN b THEN 111 WHEN c THEN 222
        WHEN d THEN 333  WHEN e THEN 444 ELSE 555 END,
       CASE WHEN c>(SELECT avg(c) FROM t1) THEN a*2 ELSE b*10 END,
       d-e,
       (SELECT count(*) FROM t1 AS x WHERE x.c>t1.c AND x.d<t1.d),
       a
  FROM t1
 ORDER BY 6,4,5,3,2,1
----
180 values hashing to 360a865da8121bc0977f7658d1dfd557

query IIIII nosort
SELECT (SELECT count(*) FROM t1 AS x WHERE x.c>t1.c AND x.d<t1.d),
       a-b,
       b,
       CASE WHEN c>(SELECT avg(c) FROM t1) THEN a*2 ELSE b*10 END,
       e
  FROM t1
 ORDER BY 1,5,4,3,2
----
150 values hashing to 37ae594d2c57e581ced3eaa5665cc2db

query IIII nosort
SELECT CASE a+1 WHEN b THEN 111 WHEN c THEN 222
        WHEN d THEN 333  WHEN e THEN 444 ELSE 555 END,
       (SELECT count(*) FROM t1 AS x WHERE x.c>t1.c AND x.d<t1.d),
       (SELECT count(*) FROM t1 AS x WHERE x.b<t1.b),
       (a+b+c+d+e)/5
  FROM t1
 WHERE c BETWEEN b-2 AND d+2
    OR d>e
    OR a>b
 ORDER BY 2,3,1,4
----
108 values hashing to 51ad3b8a1b881292bb3b372941aa523b

query IIIIII nosort
SELECT (a+b+c+d+e)/5,
       c-d,
       (SELECT count(*) FROM t1 AS x WHERE x.b<t1.b),
       abs(b-c),
       (SELECT count(*) FROM t1 AS x WHERE x.c>t1.c AND x.d<t1.d),
       b-c
  FROM t1
 WHERE e+d BETWEEN a+b-10 AND c+130
    OR (c<=d-2 OR c>=d+2)
    OR d>e
 ORDER BY 2,1,3,5,6,4
----
138 values hashing to 99d143bc2979104655dbd53c1ebb9daf

query IIII nosort
SELECT e,
       a+b*2+c*3+d*4+e*5,
       (SELECT count(*) FROM t1 AS x WHERE x.c>t1.c AND x.d<t1.d),
       CASE WHEN c>(SELECT avg(c) FROM t1) THEN a*2 ELSE b*10 END
  FROM t1
 ORDER BY 2,3,4,1
----
120 values hashing to 3ce25b7100fcbfe7c7142b3160cb9ebf

