# Ignore https://issues.apache.org/jira/browse/IGNITE-17612

statement ok
CREATE TABLE t1(a INTEGER, b INTEGER, c INTEGER, d INTEGER, e INTEGER)

statement ok
INSERT INTO t1(e,c,b,d,a) VALUES(103,102,100,101,104)

statement ok
INSERT INTO t1(a,c,d,e,b) VALUES(107,106,108,109,105)

statement ok
INSERT INTO t1(e,d,b,a,c) VALUES(110,114,112,111,113)

statement ok
INSERT INTO t1(d,c,e,a,b) VALUES(116,119,117,115,118)

statement ok
INSERT INTO t1(c,d,b,e,a) VALUES(123,122,124,120,121)

statement ok
INSERT INTO t1(a,d,b,e,c) VALUES(127,128,129,126,125)

statement ok
INSERT INTO t1(e,c,a,d,b) VALUES(132,134,131,133,130)

statement ok
INSERT INTO t1(a,d,b,e,c) VALUES(138,136,139,135,137)

statement ok
INSERT INTO t1(e,c,d,a,b) VALUES(144,141,140,142,143)

statement ok
INSERT INTO t1(b,a,e,d,c) VALUES(145,149,146,148,147)

statement ok
INSERT INTO t1(b,c,a,d,e) VALUES(151,150,153,154,152)

statement ok
INSERT INTO t1(c,e,a,d,b) VALUES(155,157,159,156,158)

statement ok
INSERT INTO t1(c,b,a,d,e) VALUES(161,160,163,164,162)

statement ok
INSERT INTO t1(b,d,a,e,c) VALUES(167,169,168,165,166)

statement ok
INSERT INTO t1(d,b,c,e,a) VALUES(171,170,172,173,174)

statement ok
INSERT INTO t1(e,c,a,d,b) VALUES(177,176,179,178,175)

statement ok
INSERT INTO t1(b,e,a,d,c) VALUES(181,180,182,183,184)

statement ok
INSERT INTO t1(c,a,b,e,d) VALUES(187,188,186,189,185)

statement ok
INSERT INTO t1(d,b,c,e,a) VALUES(190,194,193,192,191)

statement ok
INSERT INTO t1(a,e,b,d,c) VALUES(199,197,198,196,195)

statement ok
INSERT INTO t1(b,c,d,a,e) VALUES(200,202,203,201,204)

statement ok
INSERT INTO t1(c,e,a,b,d) VALUES(208,209,205,206,207)

statement ok
INSERT INTO t1(c,e,a,d,b) VALUES(214,210,213,212,211)

statement ok
INSERT INTO t1(b,c,a,d,e) VALUES(218,215,216,217,219)

statement ok
INSERT INTO t1(b,e,d,a,c) VALUES(223,221,222,220,224)

statement ok
INSERT INTO t1(d,e,b,a,c) VALUES(226,227,228,229,225)

statement ok
INSERT INTO t1(a,c,b,e,d) VALUES(234,231,232,230,233)

statement ok
INSERT INTO t1(e,b,a,c,d) VALUES(237,236,239,235,238)

statement ok
INSERT INTO t1(e,c,b,a,d) VALUES(242,244,240,243,241)

statement ok
INSERT INTO t1(e,d,c,b,a) VALUES(246,248,247,249,245)

query II nosort
SELECT a+b*2+c*3+d*4+e*5,
       (SELECT count(*) FROM t1 AS x WHERE x.c>t1.c AND x.d<t1.d)
  FROM t1
 WHERE EXISTS(SELECT 1 FROM t1 AS x WHERE x.b<t1.b)
 ORDER BY 2,1
----
58 values hashing to 9646b8b8b446280ab97d4f5e30a51bae

query IIIIII nosort
SELECT (SELECT count(*) FROM t1 AS x WHERE x.b<t1.b),
       abs(b-c),
       CASE a+1 WHEN b THEN 111 WHEN c THEN 222
        WHEN d THEN 333  WHEN e THEN 444 ELSE 555 END,
       (SELECT count(*) FROM t1 AS x WHERE x.c>t1.c AND x.d<t1.d),
       a-b,
       abs(a)
  FROM t1
 WHERE e+d BETWEEN a+b-10 AND c+130
    OR d>e
    OR c BETWEEN b-2 AND d+2
 ORDER BY 4,1,5,6,3,2
----
144 values hashing to 87705ab033397683288724d8d8a8303e

query III nosort
SELECT a,
       (SELECT count(*) FROM t1 AS x WHERE x.c>t1.c AND x.d<t1.d),
       abs(b-c)
  FROM t1
 ORDER BY 3,2,1
----
90 values hashing to ea5d42bf4b76916f27ca2207d5f3a1cb

query III nosort
SELECT (SELECT count(*) FROM t1 AS x WHERE x.c>t1.c AND x.d<t1.d),
       a+b*2+c*3,
       a-b
  FROM t1
 WHERE a>b
   AND (c<=d-2 OR c>=d+2)
 ORDER BY 3,1,2
----
30 values hashing to 6ad8accda9cddcf28817fbf053942483

query IIIII nosort
SELECT (SELECT count(*) FROM t1 AS x WHERE x.b<t1.b),
       d,
       a,
       a+b*2+c*3,
       (SELECT count(*) FROM t1 AS x WHERE x.c>t1.c AND x.d<t1.d)
  FROM t1
 WHERE c BETWEEN b-2 AND d+2
 ORDER BY 2,5,3,1,4
----
110 values hashing to 76487e705db851d7db9ddf5ba8be0c56

query III nosort
SELECT CASE a+1 WHEN b THEN 111 WHEN c THEN 222
        WHEN d THEN 333  WHEN e THEN 444 ELSE 555 END,
       CASE WHEN c>(SELECT avg(c) FROM t1) THEN a*2 ELSE b*10 END,
       (SELECT count(*) FROM t1 AS x WHERE x.c>t1.c AND x.d<t1.d)
  FROM t1
 WHERE c>d
 ORDER BY 2,3,1
----
42 values hashing to 0b30094aec5125c1843b3e6e1e41a6e8

query IIIIII nosort
SELECT abs(b-c),
       c,
       b,
       (a+b+c+d+e)/5,
       (SELECT count(*) FROM t1 AS x WHERE x.c>t1.c AND x.d<t1.d),
       d
  FROM t1
 WHERE d>e
 ORDER BY 6,5,3,1,2,4
----
96 values hashing to d43f79239513169ba12520f7a149dee7

query IIIIIII nosort
SELECT (SELECT count(*) FROM t1 AS x WHERE x.c>t1.c AND x.d<t1.d),
       c-d,
       CASE a+1 WHEN b THEN 111 WHEN c THEN 222
        WHEN d THEN 333  WHEN e THEN 444 ELSE 555 END,
       CASE WHEN c>(SELECT avg(c) FROM t1) THEN a*2 ELSE b*10 END,
       b-c,
       a+b*2+c*3+d*4,
       (a+b+c+d+e)/5
  FROM t1
 WHERE EXISTS(SELECT 1 FROM t1 AS x WHERE x.b<t1.b)
   AND (c<=d-2 OR c>=d+2)
 ORDER BY 5,1,2,4,3,6,7
----
105 values hashing to 6f1348d248b462331e2adebdb5140a95

query IIIIIII nosort
SELECT (SELECT count(*) FROM t1 AS x WHERE x.c>t1.c AND x.d<t1.d),
       a+b*2+c*3+d*4+e*5,
       (SELECT count(*) FROM t1 AS x WHERE x.b<t1.b),
       a+b*2+c*3,
       a,
       (a+b+c+d+e)/5,
       b
  FROM t1
 WHERE b>c
 ORDER BY 4,2,6,5,3,7,1
----
98 values hashing to 9672e04e6af85e083efc6d3a01ad003c

query IIII nosort
SELECT a+b*2,
       a-b,
       a+b*2+c*3+d*4+e*5,
       (SELECT count(*) FROM t1 AS x WHERE x.c>t1.c AND x.d<t1.d)
  FROM t1
 ORDER BY 1,3,4,2
----
120 values hashing to aba88e7aab9b448d205e6978445e0e60

query IIIII nosort
SELECT a+b*2+c*3+d*4+e*5,
       (SELECT count(*) FROM t1 AS x WHERE x.c>t1.c AND x.d<t1.d),
       CASE WHEN c>(SELECT avg(c) FROM t1) THEN a*2 ELSE b*10 END,
       c,
       d
  FROM t1
 WHERE (a>b-2 AND a<b+2)
 ORDER BY 4,5,2,1,3
----
55 values hashing to a7ad6c80c65b6fa1575e15a286ab717b

query IIIIII nosort
SELECT c,
       CASE WHEN c>(SELECT avg(c) FROM t1) THEN a*2 ELSE b*10 END,
       b-c,
       (SELECT count(*) FROM t1 AS x WHERE x.b<t1.b),
       (SELECT count(*) FROM t1 AS x WHERE x.c>t1.c AND x.d<t1.d),
       a
  FROM t1
 WHERE c BETWEEN b-2 AND d+2
 ORDER BY 6,3,1,2,4,5
----
132 values hashing to fd0adbb2bc4037a6ef6fcec0141f7aa1

query IIIII nosort
SELECT (SELECT count(*) FROM t1 AS x WHERE x.c>t1.c AND x.d<t1.d),
       d-e,
       CASE WHEN c>(SELECT avg(c) FROM t1) THEN a*2 ELSE b*10 END,
       (SELECT count(*) FROM t1 AS x WHERE x.b<t1.b),
       c
  FROM t1
 WHERE d>e
    OR a>b
 ORDER BY 4,3,2,1,5
----
125 values hashing to 9fcf17184ac87f3ca33f5aa74b552242

query IIII nosort
SELECT (SELECT count(*) FROM t1 AS x WHERE x.c>t1.c AND x.d<t1.d),
       CASE WHEN a<b-3 THEN 111 WHEN a<=b THEN 222
        WHEN a<b+3 THEN 333 ELSE 444 END,
       CASE WHEN c>(SELECT avg(c) FROM t1) THEN a*2 ELSE b*10 END,
       a+b*2
  FROM t1
 ORDER BY 1,3,4,2
----
120 values hashing to 9d8ae71d1d4851666a75fec8bc675773

query IIIIII nosort
SELECT c-d,
       a+b*2+c*3+d*4+e*5,
       b,
       (a+b+c+d+e)/5,
       a,
       (SELECT count(*) FROM t1 AS x WHERE x.c>t1.c AND x.d<t1.d)
  FROM t1
 WHERE d>e
 ORDER BY 4,5,6,1,3,2
----
96 values hashing to a762a09cf2fc3bb7b96a1bacd3516820

query IIIII nosort
SELECT a+b*2+c*3+d*4+e*5,
       d-e,
       (SELECT count(*) FROM t1 AS x WHERE x.c>t1.c AND x.d<t1.d),
       abs(b-c),
       c-d
  FROM t1
 ORDER BY 2,1,3,4,5
----
150 values hashing to 9fa5902ee5ef32c5318e0331bdd35651

query III nosort
SELECT a+b*2+c*3+d*4+e*5,
       (SELECT count(*) FROM t1 AS x WHERE x.c>t1.c AND x.d<t1.d),
       e
  FROM t1
 ORDER BY 3,1,2
----
90 values hashing to 81c7f303422ff0623fdd74a5b0bdbcd9

query IIIIII nosort
SELECT b,
       c,
       abs(a),
       (SELECT count(*) FROM t1 AS x WHERE x.c>t1.c AND x.d<t1.d),
       b-c,
       e
  FROM t1
 ORDER BY 4,5,1,6,2,3
----
180 values hashing to 8c1ed130d0125560ee81e819bc8451af

query IIIIIII nosort
SELECT a+b*2+c*3+d*4,
       c-d,
       CASE WHEN c>(SELECT avg(c) FROM t1) THEN a*2 ELSE b*10 END,
       a+b*2,
       b,
       b-c,
       (SELECT count(*) FROM t1 AS x WHERE x.c>t1.c AND x.d<t1.d)
  FROM t1
 ORDER BY 5,2,4,1,6,3,7
----
210 values hashing to ad750cadd33a9416af71d69c5fac509d

query IIIIIII nosort
SELECT (SELECT count(*) FROM t1 AS x WHERE x.c>t1.c AND x.d<t1.d),
       a+b*2,
       CASE a+1 WHEN b THEN 111 WHEN c THEN 222
        WHEN d THEN 333  WHEN e THEN 444 ELSE 555 END,
       (SELECT count(*) FROM t1 AS x WHERE x.b<t1.b),
       b-c,
       a,
       abs(a)
  FROM t1
 WHERE (a>b-2 AND a<b+2)
    OR (c<=d-2 OR c>=d+2)
    OR d>e
 ORDER BY 3,5,6,2,1,7,4
----
196 values hashing to ab60be6b2b2d576e28c474ce597e7441

query IIIIII nosort
SELECT (a+b+c+d+e)/5,
       (SELECT count(*) FROM t1 AS x WHERE x.c>t1.c AND x.d<t1.d),
       a+b*2+c*3,
       a,
       a-b,
       d
  FROM t1
 WHERE (e>a AND e<b)
   AND c BETWEEN b-2 AND d+2
 ORDER BY 6,1,2,3,5,4
----
12 values hashing to 01ab6b4f408df903621edf08828ba7a5

query IIII nosort
SELECT CASE WHEN c>(SELECT avg(c) FROM t1) THEN a*2 ELSE b*10 END,
       (SELECT count(*) FROM t1 AS x WHERE x.c>t1.c AND x.d<t1.d),
       CASE WHEN a<b-3 THEN 111 WHEN a<=b THEN 222
        WHEN a<b+3 THEN 333 ELSE 444 END,
       a
  FROM t1
 ORDER BY 4,2,3,1
----
120 values hashing to cdadd86b806e762ee9d7d03f0058ff4a

query IIIIII nosort
SELECT (SELECT count(*) FROM t1 AS x WHERE x.b<t1.b),
       CASE WHEN a<b-3 THEN 111 WHEN a<=b THEN 222
        WHEN a<b+3 THEN 333 ELSE 444 END,
       d,
       c,
       a+b*2+c*3+d*4+e*5,
       (SELECT count(*) FROM t1 AS x WHERE x.c>t1.c AND x.d<t1.d)
  FROM t1
 WHERE (e>a AND e<b)
 ORDER BY 4,2,3,1,5,6
----
24 values hashing to 9e80b3c7e910457fc023a082297c66a6

query IIIIII nosort
SELECT e,
       (SELECT count(*) FROM t1 AS x WHERE x.c>t1.c AND x.d<t1.d),
       a+b*2+c*3+d*4+e*5,
       b,
       d-e,
       c
  FROM t1
 WHERE c>d
   AND d>e
   AND EXISTS(SELECT 1 FROM t1 AS x WHERE x.b<t1.b)
 ORDER BY 2,4,1,5,3,6
----
36 values hashing to 13898e32c711a65529fa502c0c91de6e

query IIIIIII nosort
SELECT e,
       abs(a),
       c-d,
       a,
       c,
       a+b*2+c*3+d*4+e*5,
       (SELECT count(*) FROM t1 AS x WHERE x.c>t1.c AND x.d<t1.d)
  FROM t1
 WHERE c BETWEEN b-2 AND d+2
 ORDER BY 2,7,6,5,3,1,4
----
154 values hashing to 37f9bacc7a12ddc6b1beae763457ddda

query IIII nosort
SELECT abs(b-c),
       (SELECT count(*) FROM t1 AS x WHERE x.c>t1.c AND x.d<t1.d),
       d-e,
       a-b
  FROM t1
 ORDER BY 1,3,4,2
----
120 values hashing to dbf19b42301e4f161c0a991b57d13101

query IIII nosort
SELECT (SELECT count(*) FROM t1 AS x WHERE x.c>t1.c AND x.d<t1.d),
       CASE WHEN c>(SELECT avg(c) FROM t1) THEN a*2 ELSE b*10 END,
       a-b,
       d-e
  FROM t1
 ORDER BY 1,4,3,2
----
120 values hashing to 5d82db974f8caa9127d640fcf6cc1a40

query IIIII nosort
SELECT CASE WHEN c>(SELECT avg(c) FROM t1) THEN a*2 ELSE b*10 END,
       (SELECT count(*) FROM t1 AS x WHERE x.c>t1.c AND x.d<t1.d),
       a-b,
       (a+b+c+d+e)/5,
       CASE WHEN a<b-3 THEN 111 WHEN a<=b THEN 222
        WHEN a<b+3 THEN 333 ELSE 444 END
  FROM t1
 WHERE (a>b-2 AND a<b+2)
 ORDER BY 4,1,3,5,2
----
55 values hashing to 9b60d91226b0f2f8659270ea5306163d

