# Ignore https://issues.apache.org/jira/browse/IGNITE-17612

statement ok
CREATE TABLE t1(a INTEGER, b INTEGER, c INTEGER, d INTEGER, e INTEGER)

statement ok
INSERT INTO t1(e,c,b,d,a) VALUES(103,102,100,101,104)

statement ok
INSERT INTO t1(a,c,d,e,b) VALUES(107,106,108,109,105)

statement ok
INSERT INTO t1(e,d,b,a,c) VALUES(110,114,112,111,113)

statement ok
INSERT INTO t1(d,c,e,a,b) VALUES(116,119,117,115,118)

statement ok
INSERT INTO t1(c,d,b,e,a) VALUES(123,122,124,120,121)

statement ok
INSERT INTO t1(a,d,b,e,c) VALUES(127,128,129,126,125)

statement ok
INSERT INTO t1(e,c,a,d,b) VALUES(132,134,131,133,130)

statement ok
INSERT INTO t1(a,d,b,e,c) VALUES(138,136,139,135,137)

statement ok
INSERT INTO t1(e,c,d,a,b) VALUES(144,141,140,142,143)

statement ok
INSERT INTO t1(b,a,e,d,c) VALUES(145,149,146,148,147)

statement ok
INSERT INTO t1(b,c,a,d,e) VALUES(151,150,153,154,152)

statement ok
INSERT INTO t1(c,e,a,d,b) VALUES(155,157,159,156,158)

statement ok
INSERT INTO t1(c,b,a,d,e) VALUES(161,160,163,164,162)

statement ok
INSERT INTO t1(b,d,a,e,c) VALUES(167,169,168,165,166)

statement ok
INSERT INTO t1(d,b,c,e,a) VALUES(171,170,172,173,174)

statement ok
INSERT INTO t1(e,c,a,d,b) VALUES(177,176,179,178,175)

statement ok
INSERT INTO t1(b,e,a,d,c) VALUES(181,180,182,183,184)

statement ok
INSERT INTO t1(c,a,b,e,d) VALUES(187,188,186,189,185)

statement ok
INSERT INTO t1(d,b,c,e,a) VALUES(190,194,193,192,191)

statement ok
INSERT INTO t1(a,e,b,d,c) VALUES(199,197,198,196,195)

statement ok
INSERT INTO t1(b,c,d,a,e) VALUES(200,202,203,201,204)

statement ok
INSERT INTO t1(c,e,a,b,d) VALUES(208,209,205,206,207)

statement ok
INSERT INTO t1(c,e,a,d,b) VALUES(214,210,213,212,211)

statement ok
INSERT INTO t1(b,c,a,d,e) VALUES(218,215,216,217,219)

statement ok
INSERT INTO t1(b,e,d,a,c) VALUES(223,221,222,220,224)

statement ok
INSERT INTO t1(d,e,b,a,c) VALUES(226,227,228,229,225)

statement ok
INSERT INTO t1(a,c,b,e,d) VALUES(234,231,232,230,233)

statement ok
INSERT INTO t1(e,b,a,c,d) VALUES(237,236,239,235,238)

statement ok
INSERT INTO t1(e,c,b,a,d) VALUES(242,244,240,243,241)

statement ok
INSERT INTO t1(e,d,c,b,a) VALUES(246,248,247,249,245)

query III nosort
SELECT (a+b+c+d+e)/5,
       a+b*2,
       (SELECT count(*) FROM t1 AS x WHERE x.c>t1.c AND x.d<t1.d)
  FROM t1
 WHERE (e>c OR e<d)
    OR b>c
 ORDER BY 2,1,3
----
84 values hashing to aa77bd3dacaadb8d94850b7457313394

query IIIIIII nosort
SELECT c-d,
       CASE WHEN a<b-3 THEN 111 WHEN a<=b THEN 222
        WHEN a<b+3 THEN 333 ELSE 444 END,
       a+b*2,
       a,
       abs(b-c),
       a+b*2+c*3+d*4+e*5,
       (SELECT count(*) FROM t1 AS x WHERE x.c>t1.c AND x.d<t1.d)
  FROM t1
 WHERE c BETWEEN b-2 AND d+2
    OR b>c
 ORDER BY 3,5,4,2,6,7,1
----
196 values hashing to ce60e2883fe7a0c41c29c17e9b62bf51

query IIIIII nosort
SELECT (SELECT count(*) FROM t1 AS x WHERE x.c>t1.c AND x.d<t1.d),
       CASE WHEN c>(SELECT avg(c) FROM t1) THEN a*2 ELSE b*10 END,
       abs(a),
       a+b*2+c*3+d*4+e*5,
       d-e,
       CASE WHEN a<b-3 THEN 111 WHEN a<=b THEN 222
        WHEN a<b+3 THEN 333 ELSE 444 END
  FROM t1
 WHERE e+d BETWEEN a+b-10 AND c+130
    OR d>e
    OR b>c
 ORDER BY 2,3,1,5,4,6
----
150 values hashing to c31247552305ea7108b6c15517e4e50e

query IIIIIII nosort
SELECT a+b*2,
       a+b*2+c*3+d*4+e*5,
       b,
       c-d,
       abs(b-c),
       (SELECT count(*) FROM t1 AS x WHERE x.c>t1.c AND x.d<t1.d),
       CASE WHEN a<b-3 THEN 111 WHEN a<=b THEN 222
        WHEN a<b+3 THEN 333 ELSE 444 END
  FROM t1
 WHERE c BETWEEN b-2 AND d+2
    OR EXISTS(SELECT 1 FROM t1 AS x WHERE x.b<t1.b)
 ORDER BY 5,1,4,7,3,2,6
----
210 values hashing to 24fae43b38fe9736d9fc79f183773c0f

query IIIII nosort
SELECT b-c,
       c,
       d-e,
       (SELECT count(*) FROM t1 AS x WHERE x.c>t1.c AND x.d<t1.d),
       (a+b+c+d+e)/5
  FROM t1
 WHERE e+d BETWEEN a+b-10 AND c+130
    OR d NOT BETWEEN 110 AND 150
    OR b>c
 ORDER BY 3,5,4,2,1
----
140 values hashing to db6ada3c6b4c6105c96c56f98bd679d1

query III nosort
SELECT b,
       d,
       (SELECT count(*) FROM t1 AS x WHERE x.c>t1.c AND x.d<t1.d)
  FROM t1
 WHERE b>c
 ORDER BY 1,2,3
----
42 values hashing to fdf2c9075b2487f82c8ad837755619d7

query IIIIIII nosort
SELECT (SELECT count(*) FROM t1 AS x WHERE x.c>t1.c AND x.d<t1.d),
       c-d,
       (SELECT count(*) FROM t1 AS x WHERE x.b<t1.b),
       d-e,
       a+b*2+c*3+d*4,
       c,
       a+b*2
  FROM t1
 ORDER BY 7,3,2,6,4,5,1
----
210 values hashing to 295b9d736969e666ddf559dd8479c415

query II nosort
SELECT d-e,
       (SELECT count(*) FROM t1 AS x WHERE x.c>t1.c AND x.d<t1.d)
  FROM t1
 WHERE (a>b-2 AND a<b+2)
 ORDER BY 1,2
----
22 values hashing to 1e52dd7b5731c2e28fbbaa8fccc86f65

query II nosort
SELECT (SELECT count(*) FROM t1 AS x WHERE x.c>t1.c AND x.d<t1.d),
       d
  FROM t1
 ORDER BY 1,2
----
60 values hashing to aae77ef6a7bbfce44e353697e1736636

query IIIIII nosort
SELECT a,
       CASE a+1 WHEN b THEN 111 WHEN c THEN 222
        WHEN d THEN 333  WHEN e THEN 444 ELSE 555 END,
       (SELECT count(*) FROM t1 AS x WHERE x.c>t1.c AND x.d<t1.d),
       a+b*2+c*3+d*4+e*5,
       d,
       a+b*2+c*3
  FROM t1
 WHERE b>c
   AND (c<=d-2 OR c>=d+2)
   AND EXISTS(SELECT 1 FROM t1 AS x WHERE x.b<t1.b)
 ORDER BY 2,3,1,6,4,5
----
42 values hashing to 8ce8889165dbfc2a153b8e41d6eac176

query IIII nosort
SELECT (SELECT count(*) FROM t1 AS x WHERE x.c>t1.c AND x.d<t1.d),
       a+b*2+c*3+d*4+e*5,
       c-d,
       d
  FROM t1
 WHERE d NOT BETWEEN 110 AND 150
 ORDER BY 1,3,4,2
----
88 values hashing to 271cfc0737d448d8e0ae9b778205fcad

query IIII nosort
SELECT a+b*2+c*3,
       c-d,
       a+b*2+c*3+d*4+e*5,
       (SELECT count(*) FROM t1 AS x WHERE x.c>t1.c AND x.d<t1.d)
  FROM t1
 WHERE d>e
    OR (c<=d-2 OR c>=d+2)
    OR c BETWEEN b-2 AND d+2
 ORDER BY 1,2,4,3
----
108 values hashing to 709932df0abe61ded2f95a3b2b8e9c34

query IIIIIII nosort
SELECT (a+b+c+d+e)/5,
       abs(a),
       CASE a+1 WHEN b THEN 111 WHEN c THEN 222
        WHEN d THEN 333  WHEN e THEN 444 ELSE 555 END,
       a-b,
       a,
       (SELECT count(*) FROM t1 AS x WHERE x.c>t1.c AND x.d<t1.d),
       a+b*2+c*3+d*4+e*5
  FROM t1
 ORDER BY 3,5,1,2,7,4,6
----
210 values hashing to d312440b05a05bd531e9e6b7ad183255

query IIIIIII nosort
SELECT c,
       CASE a+1 WHEN b THEN 111 WHEN c THEN 222
        WHEN d THEN 333  WHEN e THEN 444 ELSE 555 END,
       a+b*2,
       e,
       (SELECT count(*) FROM t1 AS x WHERE x.c>t1.c AND x.d<t1.d),
       b-c,
       CASE WHEN a<b-3 THEN 111 WHEN a<=b THEN 222
        WHEN a<b+3 THEN 333 ELSE 444 END
  FROM t1
 WHERE (a>b-2 AND a<b+2)
   AND d>e
   AND d NOT BETWEEN 110 AND 150
 ORDER BY 7,2,1,5,6,4,3
----
14 values hashing to d8e81dbe9389b8a7fb955726d1018688

query IIIIIII nosort
SELECT (SELECT count(*) FROM t1 AS x WHERE x.c>t1.c AND x.d<t1.d),
       e,
       (SELECT count(*) FROM t1 AS x WHERE x.b<t1.b),
       (a+b+c+d+e)/5,
       CASE WHEN a<b-3 THEN 111 WHEN a<=b THEN 222
        WHEN a<b+3 THEN 333 ELSE 444 END,
       d,
       CASE WHEN c>(SELECT avg(c) FROM t1) THEN a*2 ELSE b*10 END
  FROM t1
 WHERE a>b
 ORDER BY 7,6,5,2,1,3,4
----
133 values hashing to e0e2d07862532072e37e60225da99516

query IIIIII nosort
SELECT e,
       (SELECT count(*) FROM t1 AS x WHERE x.b<t1.b),
       CASE WHEN c>(SELECT avg(c) FROM t1) THEN a*2 ELSE b*10 END,
       CASE a+1 WHEN b THEN 111 WHEN c THEN 222
        WHEN d THEN 333  WHEN e THEN 444 ELSE 555 END,
       a-b,
       (SELECT count(*) FROM t1 AS x WHERE x.c>t1.c AND x.d<t1.d)
  FROM t1
 WHERE a>b
   AND (c<=d-2 OR c>=d+2)
   AND c>d
 ORDER BY 6,5,4,2,3,1
----
18 values hashing to 7b37fd650c93c3580d86ed2112de3518

query IIIIIII nosort
SELECT (SELECT count(*) FROM t1 AS x WHERE x.c>t1.c AND x.d<t1.d),
       e,
       a+b*2+c*3+d*4,
       CASE WHEN a<b-3 THEN 111 WHEN a<=b THEN 222
        WHEN a<b+3 THEN 333 ELSE 444 END,
       a+b*2+c*3,
       abs(a),
       c-d
  FROM t1
 WHERE c BETWEEN b-2 AND d+2
    OR (e>c OR e<d)
 ORDER BY 1,4,2,5,7,3,6
----
189 values hashing to 225b9220120f5debc0a77757e6a544a7

query IIIII nosort
SELECT a+b*2,
       (SELECT count(*) FROM t1 AS x WHERE x.c>t1.c AND x.d<t1.d),
       b,
       c,
       abs(a)
  FROM t1
 WHERE d>e
 ORDER BY 1,3,2,4,5
----
80 values hashing to 4cf6188a63134ebf831c245aed6fd46d

query IIIII nosort
SELECT CASE a+1 WHEN b THEN 111 WHEN c THEN 222
        WHEN d THEN 333  WHEN e THEN 444 ELSE 555 END,
       (SELECT count(*) FROM t1 AS x WHERE x.c>t1.c AND x.d<t1.d),
       e,
       a+b*2+c*3,
       c
  FROM t1
 WHERE (c<=d-2 OR c>=d+2)
    OR d>e
 ORDER BY 3,4,2,5,1
----
110 values hashing to 7c7ca7dc3909bad67db7afb2ce90ee58

query IIIIIII nosort
SELECT (SELECT count(*) FROM t1 AS x WHERE x.c>t1.c AND x.d<t1.d),
       abs(a),
       a-b,
       a+b*2+c*3,
       d-e,
       b,
       CASE WHEN a<b-3 THEN 111 WHEN a<=b THEN 222
        WHEN a<b+3 THEN 333 ELSE 444 END
  FROM t1
 WHERE d NOT BETWEEN 110 AND 150
   AND (c<=d-2 OR c>=d+2)
 ORDER BY 1,5,6,2,4,7,3
----
91 values hashing to e0fe8de872329c82af624de95132584e

query IIII nosort
SELECT a+b*2+c*3+d*4,
       CASE WHEN a<b-3 THEN 111 WHEN a<=b THEN 222
        WHEN a<b+3 THEN 333 ELSE 444 END,
       a,
       (SELECT count(*) FROM t1 AS x WHERE x.c>t1.c AND x.d<t1.d)
  FROM t1
 WHERE c>d
 ORDER BY 4,1,3,2
----
56 values hashing to 68bfd05b60394ed25ff6ddecdef16e10

query IIIIIII nosort
SELECT b,
       (SELECT count(*) FROM t1 AS x WHERE x.c>t1.c AND x.d<t1.d),
       c-d,
       b-c,
       a+b*2+c*3+d*4,
       c,
       abs(a)
  FROM t1
 WHERE d>e
 ORDER BY 2,1,4,5,6,3,7
----
112 values hashing to 7d1953113f7f07c9266eb09edadd82f9

query IIIIIII nosort
SELECT (SELECT count(*) FROM t1 AS x WHERE x.c>t1.c AND x.d<t1.d),
       (SELECT count(*) FROM t1 AS x WHERE x.b<t1.b),
       abs(a),
       d,
       CASE a+1 WHEN b THEN 111 WHEN c THEN 222
        WHEN d THEN 333  WHEN e THEN 444 ELSE 555 END,
       a,
       a+b*2
  FROM t1
 WHERE d NOT BETWEEN 110 AND 150
   AND (a>b-2 AND a<b+2)
 ORDER BY 5,6,3,1,2,4,7
----
49 values hashing to d9af3c86c55045321eccea3c3f39b048

query IIII nosort
SELECT abs(a),
       a+b*2+c*3+d*4,
       a+b*2+c*3,
       (SELECT count(*) FROM t1 AS x WHERE x.c>t1.c AND x.d<t1.d)
  FROM t1
 WHERE b>c
    OR (e>a AND e<b)
 ORDER BY 2,4,1,3
----
64 values hashing to ad2644ea3960ffbe041c9a505773a231

query IIIIIII nosort
SELECT c-d,
       (SELECT count(*) FROM t1 AS x WHERE x.c>t1.c AND x.d<t1.d),
       abs(a),
       d-e,
       b,
       abs(b-c),
       a+b*2+c*3
  FROM t1
 ORDER BY 6,1,4,2,5,3,7
----
210 values hashing to 029d94ade68a27ab16900e1e1f6f3c54

query IIIIIII nosort
SELECT c,
       c-d,
       a+b*2+c*3+d*4,
       a+b*2+c*3+d*4+e*5,
       abs(b-c),
       (a+b+c+d+e)/5,
       (SELECT count(*) FROM t1 AS x WHERE x.c>t1.c AND x.d<t1.d)
  FROM t1
 WHERE d NOT BETWEEN 110 AND 150
   AND a>b
   AND c>d
 ORDER BY 7,1,5,3,2,4,6
----
42 values hashing to 719b82439155e612b0a13ee9e8496dea

query IIIII nosort
SELECT CASE a+1 WHEN b THEN 111 WHEN c THEN 222
        WHEN d THEN 333  WHEN e THEN 444 ELSE 555 END,
       a+b*2+c*3+d*4+e*5,
       CASE WHEN a<b-3 THEN 111 WHEN a<=b THEN 222
        WHEN a<b+3 THEN 333 ELSE 444 END,
       a+b*2+c*3,
       (SELECT count(*) FROM t1 AS x WHERE x.c>t1.c AND x.d<t1.d)
  FROM t1
 WHERE e+d BETWEEN a+b-10 AND c+130
 ORDER BY 2,4,5,1,3
----
30 values hashing to 7f66566999f88b34321d64aafb17b34d

query IIII nosort
SELECT a,
       abs(a),
       (a+b+c+d+e)/5,
       (SELECT count(*) FROM t1 AS x WHERE x.c>t1.c AND x.d<t1.d)
  FROM t1
 ORDER BY 3,1,2,4
----
120 values hashing to 322fbb90672f08ec55b91dd2b85b8bc5

query IIIII nosort
SELECT CASE a+1 WHEN b THEN 111 WHEN c THEN 222
        WHEN d THEN 333  WHEN e THEN 444 ELSE 555 END,
       a-b,
       abs(a),
       (SELECT count(*) FROM t1 AS x WHERE x.c>t1.c AND x.d<t1.d),
       a
  FROM t1
 ORDER BY 2,4,5,1,3
----
150 values hashing to 3d333b73ba68315675c5463fb4536269

query IIIIII nosort
SELECT (a+b+c+d+e)/5,
       CASE a+1 WHEN b THEN 111 WHEN c THEN 222
        WHEN d THEN 333  WHEN e THEN 444 ELSE 555 END,
       (SELECT count(*) FROM t1 AS x WHERE x.c>t1.c AND x.d<t1.d),
       abs(b-c),
       b-c,
       a+b*2+c*3
  FROM t1
 WHERE (e>c OR e<d)
   AND (c<=d-2 OR c>=d+2)
   AND c BETWEEN b-2 AND d+2
 ORDER BY 2,5,4,6,3,1
----
60 values hashing to 755f345cafbb73c0340e12a2580bb1e8

query IIIIII nosort
SELECT a,
       a+b*2+c*3,
       a+b*2+c*3+d*4+e*5,
       c-d,
       (SELECT count(*) FROM t1 AS x WHERE x.c>t1.c AND x.d<t1.d),
       d
  FROM t1
 WHERE e+d BETWEEN a+b-10 AND c+130
    OR d NOT BETWEEN 110 AND 150
 ORDER BY 2,4,5,6,1,3
----
156 values hashing to 7133d2c62ac44540d9e489748fb517d0

query IIIIIII nosort
SELECT a+b*2+c*3,
       c,
       b-c,
       a+b*2+c*3+d*4,
       a,
       (SELECT count(*) FROM t1 AS x WHERE x.c>t1.c AND x.d<t1.d),
       (a+b+c+d+e)/5
  FROM t1
 WHERE (e>c OR e<d)
   AND c BETWEEN b-2 AND d+2
   AND (e>a AND e<b)
 ORDER BY 7,5,3,2,6,4,1
----
14 values hashing to 6ae7f7555d748317d1f77e0f76a877fc

query IIIIIII nosort
SELECT (SELECT count(*) FROM t1 AS x WHERE x.c>t1.c AND x.d<t1.d),
       CASE WHEN c>(SELECT avg(c) FROM t1) THEN a*2 ELSE b*10 END,
       e,
       abs(a),
       c-d,
       a,
       b-c
  FROM t1
 WHERE (a>b-2 AND a<b+2)
    OR (c<=d-2 OR c>=d+2)
    OR d NOT BETWEEN 110 AND 150
 ORDER BY 7,1,5,3,4,6,2
----
196 values hashing to 3f2cca604f78daaa5c238d7f0fa01745

query IIIIII nosort
SELECT a+b*2+c*3+d*4,
       d,
       (SELECT count(*) FROM t1 AS x WHERE x.c>t1.c AND x.d<t1.d),
       CASE WHEN c>(SELECT avg(c) FROM t1) THEN a*2 ELSE b*10 END,
       c,
       (SELECT count(*) FROM t1 AS x WHERE x.b<t1.b)
  FROM t1
 WHERE a>b
    OR (e>a AND e<b)
 ORDER BY 4,6,2,5,1,3
----
138 values hashing to 226c6ba76feacd2b0d92d3dee611399d

query IIIIIII nosort
SELECT (SELECT count(*) FROM t1 AS x WHERE x.c>t1.c AND x.d<t1.d),
       b,
       a,
       a+b*2+c*3+d*4+e*5,
       CASE WHEN c>(SELECT avg(c) FROM t1) THEN a*2 ELSE b*10 END,
       CASE a+1 WHEN b THEN 111 WHEN c THEN 222
        WHEN d THEN 333  WHEN e THEN 444 ELSE 555 END,
       a+b*2+c*3
  FROM t1
 WHERE a>b
   AND (e>c OR e<d)
 ORDER BY 3,7,2,5,6,4,1
----
126 values hashing to a3c1afa7c92832ab10d89a3cdd218e17

query IIIII nosort
SELECT a+b*2+c*3+d*4,
       (SELECT count(*) FROM t1 AS x WHERE x.b<t1.b),
       d,
       (SELECT count(*) FROM t1 AS x WHERE x.c>t1.c AND x.d<t1.d),
       CASE WHEN c>(SELECT avg(c) FROM t1) THEN a*2 ELSE b*10 END
  FROM t1
 ORDER BY 4,5,3,2,1
----
150 values hashing to 41a342f4212e2a14116ba83427e049be

query II nosort
SELECT b,
       (SELECT count(*) FROM t1 AS x WHERE x.c>t1.c AND x.d<t1.d)
  FROM t1
 WHERE (e>a AND e<b)
    OR c>d
 ORDER BY 1,2
----
30 values hashing to 907d0240f42a1141b7870e0424b0dd04

query III nosort
SELECT (SELECT count(*) FROM t1 AS x WHERE x.c>t1.c AND x.d<t1.d),
       abs(a),
       CASE WHEN c>(SELECT avg(c) FROM t1) THEN a*2 ELSE b*10 END
  FROM t1
 WHERE e+d BETWEEN a+b-10 AND c+130
   AND c>d
 ORDER BY 1,3,2
----
9 values hashing to 0598e89fd314145ba8f06f228456f4ba

query IIIIIII nosort
SELECT a-b,
       d,
       a+b*2+c*3,
       (SELECT count(*) FROM t1 AS x WHERE x.c>t1.c AND x.d<t1.d),
       (a+b+c+d+e)/5,
       b,
       d-e
  FROM t1
 ORDER BY 1,5,3,7,4,6,2
----
210 values hashing to e2f7b27ca407bf9df4acb3be08c64524

query IIIIII nosort
SELECT abs(b-c),
       (a+b+c+d+e)/5,
       d,
       b,
       (SELECT count(*) FROM t1 AS x WHERE x.c>t1.c AND x.d<t1.d),
       c
  FROM t1
 ORDER BY 4,6,2,1,5,3
----
180 values hashing to e636f30eea1a3449e5944de44985d2c5

query IIII nosort
SELECT (SELECT count(*) FROM t1 AS x WHERE x.c>t1.c AND x.d<t1.d),
       c,
       a,
       (a+b+c+d+e)/5
  FROM t1
 ORDER BY 2,3,1,4
----
120 values hashing to 62c5856425278965c1b1a7b2686bb1a4

query IIII nosort
SELECT (SELECT count(*) FROM t1 AS x WHERE x.c>t1.c AND x.d<t1.d),
       CASE a+1 WHEN b THEN 111 WHEN c THEN 222
        WHEN d THEN 333  WHEN e THEN 444 ELSE 555 END,
       d,
       (a+b+c+d+e)/5
  FROM t1
 WHERE (e>a AND e<b)
   AND (c<=d-2 OR c>=d+2)
 ORDER BY 3,2,1,4
----
12 values hashing to fae09a9a32247b430470a8b81fbc6cc9

query IIIIII nosort
SELECT (SELECT count(*) FROM t1 AS x WHERE x.c>t1.c AND x.d<t1.d),
       c-d,
       CASE WHEN a<b-3 THEN 111 WHEN a<=b THEN 222
        WHEN a<b+3 THEN 333 ELSE 444 END,
       c,
       d,
       (SELECT count(*) FROM t1 AS x WHERE x.b<t1.b)
  FROM t1
 WHERE e+d BETWEEN a+b-10 AND c+130
    OR c>d
 ORDER BY 1,2,4,5,6,3
----
102 values hashing to 1a7c46130532fbc982bba080af7ee291

query IIIIIII nosort
SELECT a+b*2+c*3,
       abs(a),
       CASE WHEN c>(SELECT avg(c) FROM t1) THEN a*2 ELSE b*10 END,
       d,
       CASE a+1 WHEN b THEN 111 WHEN c THEN 222
        WHEN d THEN 333  WHEN e THEN 444 ELSE 555 END,
       d-e,
       (SELECT count(*) FROM t1 AS x WHERE x.c>t1.c AND x.d<t1.d)
  FROM t1
 WHERE d NOT BETWEEN 110 AND 150
   AND (e>a AND e<b)
 ORDER BY 1,5,3,4,6,2,7
----
21 values hashing to d87da634fb840b1c06fbe4a9044e809d

query II nosort
SELECT (SELECT count(*) FROM t1 AS x WHERE x.c>t1.c AND x.d<t1.d),
       b
  FROM t1
 ORDER BY 1,2
----
60 values hashing to 15596791cdb51704f8ab6f597e39790d

query I nosort
SELECT (SELECT count(*) FROM t1 AS x WHERE x.c>t1.c AND x.d<t1.d)
  FROM t1
 ORDER BY 1
----
30 values hashing to ec9f02c46c399db521c47dd9cb6a40dd

query IIIII nosort
SELECT a-b,
       c-d,
       a+b*2+c*3+d*4+e*5,
       c,
       (SELECT count(*) FROM t1 AS x WHERE x.c>t1.c AND x.d<t1.d)
  FROM t1
 ORDER BY 1,4,3,2,5
----
150 values hashing to 034d9cdf4634c24ca574f76ba23ed550

query IIIIII nosort
SELECT b-c,
       a-b,
       abs(a),
       (SELECT count(*) FROM t1 AS x WHERE x.c>t1.c AND x.d<t1.d),
       c-d,
       CASE a+1 WHEN b THEN 111 WHEN c THEN 222
        WHEN d THEN 333  WHEN e THEN 444 ELSE 555 END
  FROM t1
 WHERE b>c
    OR (a>b-2 AND a<b+2)
 ORDER BY 4,3,1,5,6,2
----
114 values hashing to d289034237130317cf469cf3bc27c879

query IIIII nosort
SELECT a,
       CASE WHEN c>(SELECT avg(c) FROM t1) THEN a*2 ELSE b*10 END,
       (SELECT count(*) FROM t1 AS x WHERE x.c>t1.c AND x.d<t1.d),
       a+b*2+c*3+d*4,
       b
  FROM t1
 WHERE c>d
    OR d>e
 ORDER BY 2,5,1,3,4
----
120 values hashing to 6b7c62f6dba560a1b1cfb4a0de687636

query IIIIIII nosort
SELECT d,
       d-e,
       CASE a+1 WHEN b THEN 111 WHEN c THEN 222
        WHEN d THEN 333  WHEN e THEN 444 ELSE 555 END,
       (SELECT count(*) FROM t1 AS x WHERE x.c>t1.c AND x.d<t1.d),
       a+b*2+c*3+d*4+e*5,
       e,
       (a+b+c+d+e)/5
  FROM t1
 ORDER BY 6,5,1,7,2,3,4
----
210 values hashing to 0b9d7c7d7a7c7cc0a5d90f1990a043e9

query IIII nosort
SELECT c,
       (SELECT count(*) FROM t1 AS x WHERE x.c>t1.c AND x.d<t1.d),
       CASE WHEN c>(SELECT avg(c) FROM t1) THEN a*2 ELSE b*10 END,
       a+b*2+c*3+d*4
  FROM t1
 WHERE b>c
    OR (e>c OR e<d)
    OR d NOT BETWEEN 110 AND 150
 ORDER BY 3,2,1,4
----
116 values hashing to 033ab3b385a760384a80f7c2f8116b27

query IIIIIII nosort
SELECT a+b*2+c*3+d*4,
       CASE a+1 WHEN b THEN 111 WHEN c THEN 222
        WHEN d THEN 333  WHEN e THEN 444 ELSE 555 END,
       a+b*2+c*3,
       (SELECT count(*) FROM t1 AS x WHERE x.c>t1.c AND x.d<t1.d),
       a,
       d-e,
       e
  FROM t1
 ORDER BY 4,3,2,1,5,7,6
----
210 values hashing to 72748aa05256149f5b609735556600ee

query IIIIIII nosort
SELECT CASE a+1 WHEN b THEN 111 WHEN c THEN 222
        WHEN d THEN 333  WHEN e THEN 444 ELSE 555 END,
       a+b*2+c*3+d*4+e*5,
       a+b*2,
       a+b*2+c*3,
       a+b*2+c*3+d*4,
       (SELECT count(*) FROM t1 AS x WHERE x.c>t1.c AND x.d<t1.d),
       abs(b-c)
  FROM t1
 WHERE d NOT BETWEEN 110 AND 150
 ORDER BY 4,3,2,5,7,1,6
----
154 values hashing to 48148b8db7389fcfe7ce1305fd4c4baa

query III nosort
SELECT d-e,
       CASE WHEN c>(SELECT avg(c) FROM t1) THEN a*2 ELSE b*10 END,
       (SELECT count(*) FROM t1 AS x WHERE x.c>t1.c AND x.d<t1.d)
  FROM t1
 WHERE (a>b-2 AND a<b+2)
 ORDER BY 1,3,2
----
33 values hashing to 83af9d93602ea54fa991d265574a4c3a

query IIIIIII nosort
SELECT d,
       (SELECT count(*) FROM t1 AS x WHERE x.c>t1.c AND x.d<t1.d),
       (a+b+c+d+e)/5,
       a-b,
       (SELECT count(*) FROM t1 AS x WHERE x.b<t1.b),
       c-d,
       d-e
  FROM t1
 WHERE b>c
    OR d NOT BETWEEN 110 AND 150
 ORDER BY 2,3,6,7,4,1,5
----
182 values hashing to 9bb679937b36be78dd530a683782d10a

query II nosort
SELECT (a+b+c+d+e)/5,
       (SELECT count(*) FROM t1 AS x WHERE x.c>t1.c AND x.d<t1.d)
  FROM t1
 WHERE (c<=d-2 OR c>=d+2)
    OR c BETWEEN b-2 AND d+2
    OR (a>b-2 AND a<b+2)
 ORDER BY 2,1
----
60 values hashing to 4ff348b6082ffad99447100b2c77aca6

query I nosort
SELECT (SELECT count(*) FROM t1 AS x WHERE x.c>t1.c AND x.d<t1.d)
  FROM t1
 WHERE c BETWEEN b-2 AND d+2
    OR c>d
 ORDER BY 1
----
25 values hashing to 3a8c1f92b5515a90e97181b7aaf6970b

query IIIIII nosort
SELECT (a+b+c+d+e)/5,
       a,
       (SELECT count(*) FROM t1 AS x WHERE x.c>t1.c AND x.d<t1.d),
       b-c,
       a+b*2+c*3+d*4+e*5,
       (SELECT count(*) FROM t1 AS x WHERE x.b<t1.b)
  FROM t1
 WHERE (a>b-2 AND a<b+2)
 ORDER BY 6,4,5,1,2,3
----
66 values hashing to 80d5784436f12d6111be1755171b13d4

